{"cameraMode":{"drawMode":0,"name":"Shaded","section":"Shading Mode"},"sceneLighting":true,"audioPlay":false,"sceneViewState":{"m_AlwaysRefresh":false,"showFog":true,"showSkybox":true,"showFlares":true,"showImageEffects":true,"showParticleSystems":true,"showVisualEffectGraphs":true,"m_FxEnabled":true},"in2DMode":false,"pivot":{"x":-10.290842056274414,"y":-27.174633026123048,"z":21.504661560058595},"rotation":{"x":0.534953236579895,"y":0.031666867434978488,"z":-0.0200703926384449,"w":0.8440496325492859},"size":23.638885498046876,"orthographic":false}