{"cameraMode":{"drawMode":0,"name":"Shaded","section":"Shading Mode"},"sceneLighting":true,"audioPlay":false,"sceneViewState":{"m_AlwaysRefresh":false,"showFog":true,"showSkybox":false,"showFlares":true,"showImageEffects":true,"showParticleSystems":true,"showVisualEffectGraphs":true,"m_FxEnabled":true},"in2DMode":false,"pivot":{"x":-7.899868011474609,"y":1.8397326469421387,"z":14.409656524658204},"rotation":{"x":-0.37045708298683169,"y":0.19319376349449159,"z":-0.07907697558403015,"w":-0.9050964117050171},"size":5.5593156814575199,"orthographic":true}